title,vote,created_at,comments
[Main Spoilers] Weekly Rewatch | Season 1 Episode 6: A Golden Crown,148,Tue Mar 2 22:52:12 2010 UTC,119 comments
"[No Spoilers] ""The Rains of Castamere"" on violin. So simple but so heavy",4549,Mon Oct 16 03:45:30 2017 UTC,151 comments
[NO SPOILERS] I baked some bread from the official Game of Thrones cookbook!,1246,Thu Oct 19 15:53:18 2017 UTC,130 comments
[MAIN SPOILERS] I feel like I’m taking crazy pills!,110,Thu Oct 19 16:30:12 2017 UTC,32 comments
[EVERYTHING] Nikolaj Coster-Waldau's (Jaime) delivery on this line was top notch IMO,154,Fri Oct 20 05:34:11 2017 UTC,29 comments
[MAIN SPOILERS] Ned Stark,344,Thu Oct 19 22:08:24 2017 UTC,35 comments
[MAIN SPOILERS] Daenerys' progression through the series.,3356,Thu Oct 19 17:18:16 2017 UTC,575 comments
[EVERYTHING] Another way S07E06 could have played out.,•,Thu Oct 19 04:58:06 2017 UTC,3 comments
"[NO SPOILERS] Tormund, drawing by Amba Mcnish",61,last edited 22 hours ago,5 comments
[Everything] What are your unpopular Game of Thrones opinions?,147,Fri Oct 20 10:54:12 2017 UTC,566 comments
[EVERYTHING] An Excellent Reaction Series,•,Thu Oct 19 20:00:04 2017 UTC,1 comment
[Main Spoilers] What are things you LIKED about Season 7?,14,Thu Oct 19 15:01:12 2017 UTC,51 comments
[EVERYTHING] Can someone explain the High Sparrow to me?,53,Fri Oct 20 11:45:03 2017 UTC,32 comments
[MAIN SPOILERS] What are the scenes that excited/hyped you up/broke your heart the most?,2,Fri Oct 20 02:33:09 2017 UTC,14 comments
[No Spoilers] Rains of Castamere on Banjo,5,Thu Oct 19 17:44:26 2017 UTC,2 comments
"[Main Spoilers] Appreciation for those character that interact with Arya, and how brilliant their performances are.",34,Fri Oct 20 08:58:51 2017 UTC,19 comments
"[EVERYTHING] Are there any ""legendary"" swordsman left?",6,Fri Oct 20 03:22:01 2017 UTC,35 comments
[EVERYTHING] Night King - The Winter || Game of Thrones ||,1,Thu Oct 19 15:40:54 2017 UTC,1 comment
[Everything] Howland Reed,1,Thu Oct 19 23:29:17 2017 UTC,11 comments
[EVERYTHING] What characters are still alive that you didn't think would make it to where the show is currently at?,14,Fri Oct 20 09:29:39 2017 UTC,56 comments
[NO SPOILERS] Does this sub like custom Pops? In particular gold Dragons? =),2,Fri Oct 20 04:53:17 2017 UTC,1 comment
[No Spoilers] I came across this map of Westeros and Kings Landing in my kindle version of A Clash Of Kings - It's very minimal and simple but probably my favorite one.,27,Thu Oct 19 16:57:50 2017 UTC,5 comments
[No Spoilers] Tutorial on this Look for Halloween,6,Fri Oct 20 00:04:17 2017 UTC,1 comment
[Main Spoilers] Made this at work.,1170,Thu Oct 19 11:56:20 2017 UTC,56 comments
[NO SPOILERS] Game of thrones: Conquest is now available for IOS and ANDROID devices,11,Thu Oct 19 21:46:22 2017 UTC,11 comments
[NO SPOILERS] Tried something new with my pumpkin this Halloween,566,Wed Oct 18 15:58:36 2017 UTC,22 comments
